filename,time,run_date,user
m3o0j54m.mp4,PT35.884S,2019-01-16,afnannen136
m7p0434m.mp4,PT32.807S,2018-12-20,afnannen136
m31dj5gz.mp4,PT8M34S,2019-06-07,afnannen136
me8lw30m.mp4,PT27.308S,2018-12-17,afnannen136
me8nro9m.mp4,PT35.615S,2019-02-16,afnannen136
mk9xdr1z.mp4,PT35.461S,2019-03-24,afnannen136
mk90wl5z.mp4,PT31.653S,2018-12-16,ThePianoEnthusiast
mko9361z.mp4,PT27.077S,2018-12-22,afnannen136
mr08kgdm.mp4,PT27.077S,2018-12-22,afnannen136
mr8ldj7y.mp4,PT31.653S,2018-12-16,ThePianoEnthusiast
mr8o0q7y.mp4,PT8M52S,2018-12-01,afnannen136
mr8wvr4y.mp4,PT27.115S,2019-03-26,afnannen136
mr9p1wgm.mp4,PT29.580S,2021-01-02,ToHellAndBack
y2q2wd9y.mp4,PT37.230S,2019-01-16,afnannen136
y2q6vw9y.mp4,PT44.076S,2019-03-21,afnannen136
y2q23l7y.mp4,PT9M25S,2019-01-07,ThePianoEnthusiast
y2q1626y.mp4,PT35.692S,2018-07-19,ThePianoEnthusiast
y2qn9e9y.mp4,PT31S,2019-02-03,afnannen136
y2qnl16y.mp4,PT9M25S,2019-02-16,afnannen136
y6p2w0pm.mp4,PT41.730S,2018-12-19,afnannen136
y6po4qpm.mp4,PT32.384S,2018-12-03,afnannen136
y6pqg51m.mp4,PT27.423S,2019-01-02,afnannen136
y6pv84qm.mp4,PT3M47.538S,2019-01-18,afnannen136
y41w7qdy.mp4,PT3M55.500S,2019-07-11,afnannen136
y43k9n3z.mp4,PT4M1.654S,2018-12-22,afnannen136
y43kklqz.mp4,PT35.615S,2019-01-01,afnannen136
y89k4e5m.mp4,PT26.385S,2018-12-27,afnannen136
y89lx71m.mp4,PT27.115S,2019-03-24,afnannen136
y92jlx2z.mp4,PT35.346S,2019-01-12,afnannen136
y92pk2kz.mp4,PT24.769S,2019-02-10,afnannen136
y431vkkz.mp4,PT35.692S,2018-07-19,ThePianoEnthusiast
y896le5m.mp4,PT8M41S,2018-12-19,afnannen136
y926vj2z.mp4,PT28.500S,2018-11-26,afnannen136
y4368xqz.mp4,PT27.192S,2019-01-12,afnannen136
yd3lo4qz.mp4,PT35.692S,2019-01-31,afnannen136
yd6errvz.mp4,PT35.423S,2019-08-30,afnannen136
yd36pnwz.mp4,PT44.615S,2018-07-19,ThePianoEnthusiast
yd322vqz.mp4,PT28.846S,2019-01-01,afnannen136
ydq2qovm.mp4,PT36S,2017-12-29,WillieCubed
ydv35kvy.mp4,PT26.462S,2019-01-07,ThePianoEnthusiast
yj4w2lgy.mp4,PT25.807S,2018-12-29,ThePianoEnthusiast
yj4w5x7y.mp4,PT8M36S,2018-12-28,afnannen136
yj4www7y.mp4,PT25.807S,2019-01-01,afnannen136
yj43ro3y.mp4,PT27.269S,2018-07-19,ThePianoEnthusiast
yl0ko1ny.mp4,PT3M54.154S,2019-07-10,afnannen136
yl4d9gxm.mp4,PT28.076S,2019-01-07,ThePianoEnthusiast
yl4j9xnm.mp4,PT28.346S,2019-02-17,afnannen136
yl4l5erm.mp4,PT39.346S,2019-01-03,Luco
yl4627rm.mp4,PT1M28.961S,2018-12-19,afnannen136
yo2qdp1z.mp4,PT3M54.653S,2019-02-09,afnannen136
yo2890dz.mp4,PT27.153S,2019-03-21,afnannen136
yo20415z.mp4,PT35.346S,2019-01-07,ThePianoEnthusiast
yvjpr0xy.mp4,PT45.307S,2018-12-13,afnannen136
yvjpv96y.mp4,PT8M43S,2018-12-15,afnannen136
ywp249nz.mp4,PT27.230S,2019-02-18,afnannen136
ywp5889z.mp4,PT35.153S,2019-03-04,afnannen136
ywpnnn2z.mp4,PT25.807S,2019-01-01,afnannen136
ywpoj20z.mp4,PT1M22.692S,2019-03-23,afnannen136
ywproj0z.mp4,PT11M27S,2018-12-19,afnannen136
z03jwj4z.mp4,PT8M38.962S,2018-12-05,ThePianoEnthusiast
z03n4voz.mp4,PT8M46S,2018-12-02,afnannen136
z5ok8pjy.mp4,PT9M24S,2018-01-06,ThePianoEnthusiast
z11j0krz.mp4,PT29.769S,2018-07-19,ThePianoEnthusiast
z11j09gz.mp4,PT27.538S,2018-07-19,ThePianoEnthusiast
z11kk9jz.mp4,PT27.692S,2019-01-01,afnannen136
z13k18rm.mp4,PT32S,2017-12-29,WillieCubed
z51kkldm.mp4,PT1M23.923S,2019-01-01,afnannen136
z51nvlnm.mp4,PT35.576S,2019-03-23,afnannen136
z116j4wz.mp4,PT32.076S,2019-02-18,afnannen136
z0307d4z.mp4,PT3M54.308S,2019-01-07,ThePianoEnthusiast
z0312d4z.mp4,PT39.500S,2018-07-19,ThePianoEnthusiast
z0312x4z.mp4,PT37.576S,2018-07-19,ThePianoEnthusiast
z518rnnm.mp4,PT44.230S,2019-01-12,afnannen136
z5195jnm.mp4,PT29.192S,2019-04-30,afnannen136
z110269z.mp4,PT28.230S,2019-03-23,afnannen136
zg7e1pdz.mp4,PT1M25.154S,2018-12-19,afnannen136
zg7e93nz.mp4,PT27.269S,2018-12-18,afnannen136
zg7elpez.mp4,PT31.153S,2018-12-17,afnannen136
zg7k1ovz.mp4,PT29.115S,2018-07-19,ThePianoEnthusiast
zg7o0pdz.mp4,PT1M23.115S,2019-02-01,afnannen136
zg7836ez.mp4,PT4M4.423S,2018-12-22,afnannen136
zn4r6x8m.mp4,PT36.307S,2018-07-19,ThePianoEnthusiast
zn4vl27m.mp4,PT37.653S,2018-12-20,afnannen136
zn428dvm.mp4,PT3M54.308S,2019-01-07,ThePianoEnthusiast
zp079vxm.mp4,PT8M46S,2019-05-06,afnannen136
zq3jo8ry.mp4,PT26.115S,2018-12-20,afnannen136
zx4pq8gy.mp4,PT27.115S,2019-03-26,afnannen136
zx4w5o5y.mp4,PT26.730S,2019-01-03,Luco
